{"Iteration": 2960, "Loss": 340.6154479980469, "_timestamp": 1693943743.8686452, "_runtime": 3525.685599088669, "_step": 99}