{"Iteration": 1600, "Loss": 289.4206237792969, "_timestamp": 1691809852.2122366, "_runtime": 4697.468193531036, "_step": 40}