{"Iteration": 960, "Loss": 257.27716064453125, "_timestamp": 1692234763.734585, "_runtime": 4626.107744932175, "_step": 24}