{"Iteration": 3000, "Loss": 128.8722381591797, "_timestamp": 1691460812.131968, "_runtime": 4127.025810003281, "_step": 74}