{"Iteration": 2280, "Loss": 253.33187866210938, "_timestamp": 1692047162.831938, "_runtime": 13152.833646059036, "_step": 138}