{"Iteration": 2960, "Loss": 363.5954284667969, "_timestamp": 1691583266.3599691, "_runtime": 18073.82200407982, "_step": 656}