{"Iteration": 2960, "Loss": 255.83799743652344, "_timestamp": 1691634456.5480077, "_runtime": 11644.847206830978, "_step": 149}