{"Iteration": 2960, "Loss": 533.3549194335938, "_timestamp": 1694128473.3504202, "_runtime": 5121.2796931266785, "_step": 74, "_wandb": {"runtime": 5133}}