{"Iteration": 3000, "Loss": 57.72579574584961, "_timestamp": 1691288878.489531, "_runtime": 2155.0003221035004, "_step": 81}