{"Iteration": 760, "Loss": 152.5694580078125, "_timestamp": 1691725251.6696825, "_runtime": 12145.506635427475, "_step": 114}