{"Iteration": 720, "Loss": 72.76827239990234, "_timestamp": 1692566039.5495977, "_runtime": 20898.9991607666, "_step": 86, "_wandb": {"runtime": 5076}}