{"Iteration": 1400, "Loss": 151.22189331054688, "_timestamp": 1691888590.551456, "_runtime": 17228.92644906044, "_step": 34}